X,Y,Z,Rotation,Theta1,Theta2,Theta3,StopAtPoint,Duration,LinearPath
200.000000,0.000000,0.000000,0.000000,-56.251011,112.502023,-56.251011,1,2.000000,0
200.000000,0.000000,0.000000,90.000000,-56.251011,112.502023,33.748989,1,2.000000,0
200.000000,0.000000,0.000000,0.000000,-56.251011,112.502023,-56.251011,1,2.000000,0
150.000000,75.000000,0.000000,0.000000,-88.799967,124.469831,-35.669865,1,2.000000,0
