X,Y,Z,Rotation,Theta1,Theta2,StopAtPoint,Duration,LinearPath
150.000000,150.000000,0.000000,0.000000,-98.895795,107.791591,0,0.000000,0
150.000000,-150.000000,100.000000,90.000000,-8.895795,107.791591,1,1.000000,0
-150.000000,150.000000,0.000000,0.000000,-81.104205,-107.791591,0,0.000000,0
-150.000000,-150.000000,0.000000,0.000000,81.104205,107.791591,0,0.000000,1
-150.000000,-250.000000,0.000000,0.000000,85.045468,71.836577,0,0.000000,0
