X,Y,Z,Rotation,Theta1,Theta2,Theta3,StopAtPoint,Duration,LinearPath
150.000000,150.000000,50.000000,180.000000,-98.895795,107.791591,171.104205,0,0.000000,1
150.000000,-150.000000,0.000000,0.000000,-8.895795,107.791591,-98.895796,0,0.000000,0
-150.000000,250.000000,70.000000,90.000000,-85.045468,-71.836577,246.882045,0,0.000000,0
-150.000000,-250.000000,0.000000,0.000000,85.045468,71.836577,-156.882045,0,0.000000,0
150.000000,150.000000,0.000000,0.000000,-98.895795,107.791591,-8.895796,0,0.000000,0
200.000000,150.000000,0.000000,0.000000,-82.886935,92.034074,-9.147139,0,0.000000,0
150.000000,200.000000,0.000000,90.000000,-99.147139,92.034074,97.113065,0,0.000000,0
200.000000,200.000000,0.000000,0.000000,-83.216923,76.433847,6.783076,0,0.000000,0
