X,Y,Z,Rotation,Theta1,Theta2,Theta3,StopAtPoint,Duration,LinearPath
150.000000,150.000000,0.000000,0.000000,-98.895795,107.791591,-8.895795,0,0.000000,0
250.000000,150.000000,0.000000,0.000000,-66.882045,71.836577,-4.954532,0,0.000000,0
250.000000,50.000000,0.000000,0.000000,-56.221513,89.823161,-33.601648,0,0.000000,0
150.000000,50.000000,0.000000,0.000000,-82.381766,127.893635,-45.511868,0,0.000000,0
150.000000,150.000000,0.000000,0.000000,-98.895795,107.791591,-8.895795,0,0.000000,0
