X,Y,Z,Rotation,Theta1,Theta2,Theta3,StopAtPoint,Duration,LinearPath
150.000000,150.000000,0.000000,0.000000,-98.895795,107.791591,-8.895795,0,0.000000,0
150.000000,-150.000000,0.000000,0.000000,-8.895795,107.791591,-98.895795,0,0.000000,0
-150.000000,250.000000,0.000000,0.000000,-85.045468,-71.836577,156.882045,0,0.000000,0
-150.000000,-250.000000,0.000000,0.000000,85.045468,71.836577,-156.882045,0,0.000000,0
150.000000,150.000000,0.000000,0.000000,-98.895795,107.791591,-8.895795,0,0.000000,0
